<?xml version="1.0" encoding="UTF-8"?>
<project-private xmlns="http://www.netbeans.org/ns/project-private/1">
    <editor-bookmarks xmlns="http://www.netbeans.org/ns/editor-bookmarks/2" lastBookmarkId="0"/>
    <open-files xmlns="http://www.netbeans.org/ns/projectui-open-files/2">
        <group>
            <file>file:/C:/Users/30406539/OneDrive%20-%20City%20of%20Glasgow%20College/Coding%20Work/30406539_Shop/src/models/DBManager.java</file>
            <file>file:/C:/Users/30406539/OneDrive%20-%20City%20of%20Glasgow%20College/Coding%20Work/30406539_Shop/src/views/Staff_Login.java</file>
            <file>file:/C:/Users/30406539/OneDrive%20-%20City%20of%20Glasgow%20College/Coding%20Work/30406539_Shop/src/views/Customer_Login.java</file>
            <file>file:/C:/Users/30406539/OneDrive%20-%20City%20of%20Glasgow%20College/Coding%20Work/30406539_Shop/src/views/MainMenu.java</file>
        </group>
    </open-files>
</project-private>
